{"cameraMode":{"drawMode":0,"name":"Shaded","section":"Shading Mode"},"sceneLighting":false,"audioPlay":false,"sceneViewState":{"m_AlwaysRefresh":false,"showFog":true,"showSkybox":false,"showFlares":true,"showImageEffects":true,"showParticleSystems":true,"showVisualEffectGraphs":true,"m_FxEnabled":true},"in2DMode":false,"pivot":{"x":861.689208984375,"y":1051.547119140625,"z":62.7532958984375},"rotation":{"x":-0.016809022054076196,"y":-0.008401785977184773,"z":0.00014506567094940692,"w":-0.9998365044593811},"size":471.21990966796877,"orthographic":false}