{"cameraMode":{"drawMode":0,"name":"Shaded","section":"Shading Mode"},"sceneLighting":false,"audioPlay":false,"sceneViewState":{"m_AlwaysRefresh":false,"showFog":true,"showSkybox":false,"showFlares":true,"showImageEffects":true,"showParticleSystems":true,"showVisualEffectGraphs":true,"m_FxEnabled":true},"in2DMode":false,"pivot":{"x":1101.95849609375,"y":602.8477172851563,"z":-160.82435607910157},"rotation":{"x":-0.01680642180144787,"y":0.017093438655138017,"z":-0.00028714953805319965,"w":-0.9997101426124573},"size":164.0657958984375,"orthographic":false}