{"cameraMode":{"drawMode":0,"name":"Shaded","section":"Shading Mode"},"sceneLighting":false,"audioPlay":false,"sceneViewState":{"m_AlwaysRefresh":false,"showFog":true,"showSkybox":false,"showFlares":true,"showImageEffects":true,"showParticleSystems":true,"showVisualEffectGraphs":true,"m_FxEnabled":true},"in2DMode":false,"pivot":{"x":2.0410139560699465,"y":0.1586819887161255,"z":0.08439040184020996},"rotation":{"x":-0.19363582134246827,"y":-0.06558192521333695,"z":0.012974154204130173,"w":-0.978791356086731},"size":1.646242380142212,"orthographic":false}