{"cameraMode":{"drawMode":0,"name":"Shaded","section":"Shading Mode"},"sceneLighting":false,"audioPlay":false,"sceneViewState":{"m_AlwaysRefresh":false,"showFog":true,"showSkybox":false,"showFlares":true,"showImageEffects":true,"showParticleSystems":true,"showVisualEffectGraphs":true,"m_FxEnabled":true},"in2DMode":false,"pivot":{"x":701.8624267578125,"y":524.0945434570313,"z":-2.022216796875},"rotation":{"x":0.019188908860087396,"y":0.0050957100465893749,"z":0.00009784236317500472,"w":-0.9998016953468323},"size":544.213623046875,"orthographic":false}