{"cameraMode":{"drawMode":0,"name":"Shaded","section":"Shading Mode"},"sceneLighting":false,"audioPlay":false,"sceneViewState":{"m_AlwaysRefresh":false,"showFog":true,"showSkybox":false,"showFlares":true,"showImageEffects":true,"showParticleSystems":true,"showVisualEffectGraphs":true,"m_FxEnabled":true},"in2DMode":false,"pivot":{"x":692.6575927734375,"y":811.6683959960938,"z":-25.37628173828125},"rotation":{"x":0.019188908860087396,"y":0.0050957100465893749,"z":0.00009784236317500472,"w":-0.9998016953468323},"size":723.8717651367188,"orthographic":false}