{"cameraMode":{"drawMode":0,"name":"Shaded","section":"Shading Mode"},"sceneLighting":false,"audioPlay":false,"sceneViewState":{"m_AlwaysRefresh":false,"showFog":true,"showSkybox":false,"showFlares":true,"showImageEffects":true,"showParticleSystems":true,"showVisualEffectGraphs":true,"m_FxEnabled":true},"in2DMode":false,"pivot":{"x":0.003136758226901293,"y":0.027764994651079179,"z":0.002700190991163254},"rotation":{"x":-0.11256324499845505,"y":-0.011330436915159226,"z":0.0012840682175010443,"w":-0.9935776591300964},"size":0.7957184910774231,"orthographic":false}