{"cameraMode":{"drawMode":0,"name":"Shaded","section":"Shading Mode"},"sceneLighting":false,"audioPlay":false,"sceneViewState":{"m_AlwaysRefresh":false,"showFog":true,"showSkybox":false,"showFlares":true,"showImageEffects":true,"showParticleSystems":true,"showVisualEffectGraphs":true,"m_FxEnabled":true},"in2DMode":false,"pivot":{"x":0.3575802147388458,"y":-0.005760937929153442,"z":1.4606202840805054},"rotation":{"x":-0.09943828731775284,"y":-0.6205002069473267,"z":0.07974095642566681,"w":-0.773780107498169},"size":0.4662686586380005,"orthographic":false}