{"cameraMode":{"drawMode":0,"name":"Shaded","section":"Shading Mode"},"sceneLighting":false,"audioPlay":false,"sceneViewState":{"m_AlwaysRefresh":false,"showFog":true,"showSkybox":false,"showFlares":true,"showImageEffects":true,"showParticleSystems":true,"showVisualEffectGraphs":true,"m_FxEnabled":true},"in2DMode":false,"pivot":{"x":0.9661045074462891,"y":6.345576286315918,"z":0.49449801445007326},"rotation":{"x":0.022173557430505754,"y":-0.6171326041221619,"z":-0.017402296885848047,"w":-0.7863573431968689},"size":9.684806823730469,"orthographic":false}