{"cameraMode":{"drawMode":0,"name":"Shaded","section":"Shading Mode"},"sceneLighting":false,"audioPlay":false,"sceneViewState":{"m_AlwaysRefresh":false,"showFog":true,"showSkybox":false,"showFlares":true,"showImageEffects":true,"showParticleSystems":true,"showVisualEffectGraphs":true,"m_FxEnabled":true},"in2DMode":false,"pivot":{"x":0.16436831653118134,"y":2.292604446411133,"z":2.3358449935913088},"rotation":{"x":-0.031802933663129809,"y":0.009592031128704548,"z":-0.00030506248003803194,"w":-0.9994491934776306},"size":3.198024272918701,"orthographic":false}