{"cameraMode":{"drawMode":0,"name":"Shaded","section":"Shading Mode"},"sceneLighting":false,"audioPlay":false,"sceneViewState":{"showFog":true,"showMaterialUpdate":true,"showSkybox":false,"showFlares":true,"showImageEffects":true,"showParticleSystems":true},"in2DMode":false,"pivot":{"x":0.0,"y":0.006658786907792091,"z":0.0695921778678894},"rotation":{"x":-0.15679599344730378,"y":0.6469078660011292,"z":-0.1339198797941208,"w":-0.734703004360199},"size":4.402968406677246,"orthographic":true}