{"cameraMode":{"drawMode":0,"name":"Shaded","section":"Shading Mode"},"sceneLighting":false,"audioPlay":false,"sceneViewState":{"showFog":true,"showMaterialUpdate":true,"showSkybox":false,"showFlares":true,"showImageEffects":true,"showParticleSystems":true},"in2DMode":false,"pivot":{"x":-3.176936388015747,"y":1.1792149543762208,"z":-0.5905334949493408},"rotation":{"x":-0.20181556046009065,"y":0.015272141434252262,"z":0.00011572255607461557,"w":-0.9798256158828735},"size":4.034521579742432,"orthographic":false}