{"cameraMode":{"drawMode":0,"name":"Shaded","section":"Shading Mode"},"sceneLighting":false,"audioPlay":false,"sceneViewState":{"showFog":true,"showMaterialUpdate":true,"showSkybox":false,"showFlares":true,"showImageEffects":true,"showParticleSystems":true},"in2DMode":false,"pivot":{"x":-1.456446886062622,"y":0.08022260665893555,"z":0.6273388862609863},"rotation":{"x":-0.21726533770561219,"y":0.14623016119003297,"z":-0.030563948675990106,"w":-0.9651247262954712},"size":8.227534294128418,"orthographic":false}