{"cameraMode":{"drawMode":0,"name":"Shaded","section":"Shading Mode"},"sceneLighting":false,"audioPlay":false,"sceneViewState":{"showFog":true,"showMaterialUpdate":true,"showSkybox":false,"showFlares":true,"showImageEffects":true,"showParticleSystems":true},"in2DMode":false,"pivot":{"x":0.02813720703125,"y":0.0657958984375,"z":-0.018733978271484376},"rotation":{"x":-0.2463536262512207,"y":0.6850985288619995,"z":-0.2624739706516266,"w":-0.6338996291160584},"size":3.577026844024658,"orthographic":true}