{"cameraMode":{"drawMode":0,"name":"Shaded","section":"Shading Mode"},"sceneLighting":false,"audioPlay":false,"sceneViewState":{"showFog":true,"showMaterialUpdate":true,"showSkybox":false,"showFlares":true,"showImageEffects":true,"showParticleSystems":true},"in2DMode":false,"pivot":{"x":1117.76123046875,"y":648.4996948242188,"z":27.9052734375},"rotation":{"x":0.005999704357236624,"y":-0.008999641984701157,"z":0.000054038671805756167,"w":0.9999463558197022},"size":1578.3828125,"orthographic":false}