{"cameraMode":{"drawMode":0,"name":"Shaded","section":"Shading Mode"},"sceneLighting":false,"audioPlay":false,"sceneViewState":{"showFog":true,"showMaterialUpdate":true,"showSkybox":false,"showFlares":true,"showImageEffects":true,"showParticleSystems":true},"in2DMode":false,"pivot":{"x":1.165633201599121,"y":-0.7965946197509766,"z":-0.05900764465332031},"rotation":{"x":-0.06913173198699951,"y":0.9320472478866577,"z":-0.22201989591121674,"w":-0.27912673354148867},"size":44.212894439697269,"orthographic":true}