{"cameraMode":{"drawMode":0,"name":"Shaded","section":"Shading Mode"},"sceneLighting":false,"audioPlay":false,"sceneViewState":{"showFog":true,"showMaterialUpdate":true,"showSkybox":false,"showFlares":true,"showImageEffects":true,"showParticleSystems":true},"in2DMode":false,"pivot":{"x":1401.6331787109375,"y":681.5115356445313,"z":1.0634765625},"rotation":{"x":-0.016499299556016923,"y":-0.0021022872533649208,"z":-0.000029379754778346978,"w":0.9998742938041687},"size":629.5237426757813,"orthographic":false}