{"cameraMode":{"drawMode":0,"name":"Shaded","section":"Shading Mode"},"sceneLighting":false,"audioPlay":false,"sceneViewState":{"showFog":true,"showMaterialUpdate":true,"showSkybox":false,"showFlares":true,"showImageEffects":true,"showParticleSystems":true},"in2DMode":false,"pivot":{"x":0.09177780151367188,"y":1.4887731075286866,"z":-0.5312337875366211},"rotation":{"x":-0.09663659334182739,"y":-0.14283452928066255,"z":0.016279520466923715,"w":-0.9853789210319519},"size":5.598816871643066,"orthographic":false}