{"cameraMode":{"drawMode":0,"name":"Shaded","section":"Shading Mode"},"sceneLighting":false,"audioPlay":false,"sceneViewState":{"showFog":true,"showMaterialUpdate":true,"showSkybox":false,"showFlares":true,"showImageEffects":true,"showParticleSystems":true},"in2DMode":false,"pivot":{"x":14.798828125,"y":11.3564453125,"z":-5.914306640625},"rotation":{"x":0.3080475628376007,"y":-0.4733008146286011,"z":0.17791496217250825,"w":0.8062283992767334},"size":3.435147762298584,"orthographic":true}