{"cameraMode":{"drawMode":0,"name":"Shaded","section":"Shading Mode"},"sceneLighting":false,"audioPlay":false,"sceneViewState":{"showFog":true,"showMaterialUpdate":true,"showSkybox":false,"showFlares":true,"showImageEffects":true,"showParticleSystems":true},"in2DMode":false,"pivot":{"x":-2.8875060081481935,"y":-1.3253507614135743,"z":4.5022993087768559},"rotation":{"x":-0.18068718910217286,"y":0.5425452589988709,"z":-0.11656898260116577,"w":-0.8126683235168457},"size":10.037528991699219,"orthographic":false}