{"cameraMode":{"drawMode":0,"name":"Shaded","section":"Shading Mode"},"sceneLighting":false,"audioPlay":false,"sceneViewState":{"showFog":true,"showMaterialUpdate":true,"showSkybox":false,"showFlares":true,"showImageEffects":true,"showParticleSystems":true},"in2DMode":false,"pivot":{"x":-23.84000015258789,"y":12.60000228881836,"z":8.929998397827149},"rotation":{"x":0.1990145742893219,"y":-0.6886674165725708,"z":0.20155133306980134,"w":0.667892336845398},"size":43.718753814697269,"orthographic":true}