{"cameraMode":{"drawMode":0,"name":"Shaded","section":"Shading Mode"},"sceneLighting":false,"audioPlay":false,"sceneViewState":{"showFog":true,"showMaterialUpdate":true,"showSkybox":false,"showFlares":true,"showImageEffects":true,"showParticleSystems":true},"in2DMode":false,"pivot":{"x":0.005046844482421875,"y":-0.5724120736122131,"z":-0.7115710973739624},"rotation":{"x":-0.2363346815109253,"y":0.5774946212768555,"z":-0.17621108889579774,"w":-0.7619590759277344},"size":6.499242782592773,"orthographic":false}