{"cameraMode":{"drawMode":0,"name":"Shaded","section":"Shading Mode"},"sceneLighting":false,"audioPlay":false,"sceneViewState":{"showFog":true,"showMaterialUpdate":true,"showSkybox":false,"showFlares":true,"showImageEffects":true,"showParticleSystems":true},"in2DMode":false,"pivot":{"x":546.8013916015625,"y":152.21560668945313,"z":50.22021484375},"rotation":{"x":0.09905299544334412,"y":0.04326792061328888,"z":-0.004321741871535778,"w":0.9941417574882507},"size":1957.03759765625,"orthographic":false}