{"cameraMode":{"drawMode":0,"name":"Shaded","section":"Shading Mode"},"sceneLighting":false,"audioPlay":false,"sceneViewState":{"showFog":true,"showMaterialUpdate":true,"showSkybox":false,"showFlares":true,"showImageEffects":true,"showParticleSystems":true},"in2DMode":false,"pivot":{"x":1252.540771484375,"y":774.895263671875,"z":-11.4781494140625},"rotation":{"x":0.005390253849327564,"y":0.008914406411349774,"z":0.0033475884702056648,"w":-1.0004510879516602},"size":1463.3741455078125,"orthographic":false}