{"cameraMode":{"drawMode":0,"name":"Shaded","section":"Shading Mode"},"sceneLighting":false,"audioPlay":false,"sceneViewState":{"showFog":true,"showMaterialUpdate":true,"showSkybox":false,"showFlares":true,"showImageEffects":true,"showParticleSystems":true},"in2DMode":false,"pivot":{"x":511.0401306152344,"y":637.5889892578125,"z":-3.488616943359375},"rotation":{"x":-0.004190540872514248,"y":-0.004503739532083273,"z":-0.000023246699129231274,"w":0.9999886155128479},"size":505.3860778808594,"orthographic":false}