{"cameraMode":{"drawMode":0,"name":"Shaded","section":"Shading Mode"},"sceneLighting":false,"audioPlay":false,"sceneViewState":{"showFog":true,"showMaterialUpdate":true,"showSkybox":false,"showFlares":true,"showImageEffects":true,"showParticleSystems":true},"in2DMode":false,"pivot":{"x":0.0,"y":21.045001983642579,"z":17.076608657836915},"rotation":{"x":0.2752898037433624,"y":-0.027395334094762803,"z":0.007857547141611576,"w":0.9609721302986145},"size":269.2720642089844,"orthographic":true}