{"cameraMode":{"drawMode":0,"name":"Shaded","section":"Shading Mode"},"sceneLighting":false,"audioPlay":false,"sceneViewState":{"showFog":true,"showMaterialUpdate":true,"showSkybox":false,"showFlares":true,"showImageEffects":true,"showParticleSystems":true},"in2DMode":false,"pivot":{"x":5.0859293937683109,"y":1.2188352346420289,"z":0.03359171748161316},"rotation":{"x":0.001188680762425065,"y":0.05606944113969803,"z":0.00006708472938043997,"w":-0.9984375834465027},"size":6.568871021270752,"orthographic":false}