{"cameraMode":{"drawMode":0,"name":"Shaded","section":"Shading Mode"},"sceneLighting":false,"audioPlay":false,"sceneViewState":{"showFog":true,"showMaterialUpdate":true,"showSkybox":false,"showFlares":true,"showImageEffects":true,"showParticleSystems":true},"in2DMode":false,"pivot":{"x":4.30035400390625,"y":-0.3408203125,"z":0.0712890625},"rotation":{"x":-0.27317705750465395,"y":0.02945631928741932,"z":-0.004923866130411625,"w":-0.9620075225830078},"size":10.851823806762696,"orthographic":true}