{"cameraMode":{"drawMode":0,"name":"Shaded","section":"Shading Mode"},"sceneLighting":false,"audioPlay":false,"sceneViewState":{"showFog":true,"showMaterialUpdate":true,"showSkybox":false,"showFlares":true,"showImageEffects":true,"showParticleSystems":true},"in2DMode":false,"pivot":{"x":6.35722017288208,"y":0.9622326493263245,"z":-0.4406468868255615},"rotation":{"x":-0.021019935607910157,"y":-0.5799545645713806,"z":0.014971878379583359,"w":-0.8142542839050293},"size":5.294424057006836,"orthographic":false}