{"cameraMode":{"drawMode":0,"name":"Shaded","section":"Shading Mode"},"sceneLighting":false,"audioPlay":false,"sceneViewState":{"showFog":true,"showMaterialUpdate":true,"showSkybox":false,"showFlares":true,"showImageEffects":true,"showParticleSystems":true},"in2DMode":false,"pivot":{"x":0.42195141315460207,"y":1.2934399843215943,"z":1.424504041671753},"rotation":{"x":0.004247648641467094,"y":0.9860463738441467,"z":-0.025454409420490266,"w":0.16449517011642457},"size":3.129460573196411,"orthographic":false}