{"cameraMode":{"drawMode":0,"name":"Shaded","section":"Shading Mode"},"sceneLighting":false,"audioPlay":false,"sceneViewState":{"showFog":true,"showMaterialUpdate":true,"showSkybox":false,"showFlares":true,"showImageEffects":true,"showParticleSystems":true},"in2DMode":false,"pivot":{"x":0.025000035762786866,"y":-0.050000011920928958,"z":0.0},"rotation":{"x":-0.2463536262512207,"y":0.6850985288619995,"z":-0.2624739706516266,"w":-0.6338996291160584},"size":2.5353879928588869,"orthographic":true}