{"cameraMode":{"drawMode":0,"name":"Shaded","section":"Shading Mode"},"sceneLighting":false,"audioPlay":false,"sceneViewState":{"showFog":true,"showMaterialUpdate":true,"showSkybox":false,"showFlares":true,"showImageEffects":true,"showParticleSystems":true},"in2DMode":false,"pivot":{"x":-8.846125602722168,"y":-4.904051303863525,"z":34.22532653808594},"rotation":{"x":0.0209976676851511,"y":-0.008997850120067597,"z":0.00018910558719653636,"w":0.9997439980506897},"size":136.2017059326172,"orthographic":false}