{"cameraMode":{"drawMode":0,"name":"Shaded","section":"Shading Mode"},"sceneLighting":false,"audioPlay":false,"sceneViewState":{"showFog":true,"showMaterialUpdate":true,"showSkybox":false,"showFlares":true,"showImageEffects":true,"showParticleSystems":true},"in2DMode":false,"pivot":{"x":5.427734375,"y":8.2093505859375,"z":1.44140625},"rotation":{"x":0.0145356310531497,"y":-0.09924430400133133,"z":0.00048540515126660466,"w":-0.9952844977378845},"size":32.983856201171878,"orthographic":true}