{"cameraMode":{"drawMode":0,"name":"Shaded","section":"Shading Mode"},"sceneLighting":false,"audioPlay":false,"sceneViewState":{"showFog":true,"showMaterialUpdate":true,"showSkybox":false,"showFlares":true,"showImageEffects":true,"showParticleSystems":true},"in2DMode":false,"pivot":{"x":3.2617359161376955,"y":-7.965059280395508,"z":14.533950805664063},"rotation":{"x":0.16510389745235444,"y":0.36592191457748415,"z":-0.0661468580365181,"w":0.9135119318962097},"size":34.37148666381836,"orthographic":false}