{"cameraMode":{"drawMode":0,"name":"Shaded","section":"Shading Mode"},"sceneLighting":false,"audioPlay":false,"sceneViewState":{"showFog":true,"showMaterialUpdate":true,"showSkybox":false,"showFlares":true,"showImageEffects":true,"showParticleSystems":true},"in2DMode":false,"pivot":{"x":-0.000001430511474609375,"y":1.8769476413726807,"z":0.10825085639953613},"rotation":{"x":-0.1316135972738266,"y":0.21729600429534913,"z":-0.02958281710743904,"w":-0.9667410254478455},"size":10.17574691772461,"orthographic":false}