{"cameraMode":{"drawMode":0,"name":"Shaded","section":"Shading Mode"},"sceneLighting":false,"audioPlay":false,"sceneViewState":{"showFog":true,"showMaterialUpdate":true,"showSkybox":false,"showFlares":true,"showImageEffects":true,"showParticleSystems":true},"in2DMode":false,"pivot":{"x":1.2670774459838868,"y":2.5859320163726808,"z":-3.556792736053467},"rotation":{"x":-0.01650640368461609,"y":0.6682044267654419,"z":0.014829023741185665,"w":0.7436720728874207},"size":7.554712295532227,"orthographic":false}