{"cameraMode":{"drawMode":0,"name":"Shaded","section":"Shading Mode"},"sceneLighting":false,"audioPlay":false,"sceneViewState":{"showFog":true,"showMaterialUpdate":true,"showSkybox":false,"showFlares":true,"showImageEffects":true,"showParticleSystems":true},"in2DMode":false,"pivot":{"x":-0.2694559097290039,"y":-1.11569082736969,"z":7.526410102844238},"rotation":{"x":0.0023779552429914476,"y":0.6947039365768433,"z":-0.002301691332831979,"w":0.7193140387535095},"size":12.89151382446289,"orthographic":false}