{"cameraMode":{"drawMode":0,"name":"Shaded","section":"Shading Mode"},"sceneLighting":false,"audioPlay":false,"sceneViewState":{"showFog":true,"showMaterialUpdate":true,"showSkybox":false,"showFlares":true,"showImageEffects":true,"showParticleSystems":true},"in2DMode":false,"pivot":{"x":8.754158020019532,"y":-0.8291013240814209,"z":-4.754950046539307},"rotation":{"x":-0.0911184623837471,"y":-0.8116783499717712,"z":0.1316647082567215,"w":-0.5617513060569763},"size":10.41783332824707,"orthographic":false}