{"cameraMode":{"drawMode":0,"name":"Shaded","section":"Shading Mode"},"sceneLighting":false,"audioPlay":false,"sceneViewState":{"showFog":true,"showMaterialUpdate":true,"showSkybox":false,"showFlares":true,"showImageEffects":true,"showParticleSystems":true},"in2DMode":false,"pivot":{"x":-0.275634765625,"y":-0.0146484375,"z":-0.8000030517578125},"rotation":{"x":-0.17459475994110108,"y":0.6424080729484558,"z":-0.14915670454502107,"w":-0.7316960692405701},"size":2.6442530155181886,"orthographic":true}