{"cameraMode":{"drawMode":0,"name":"Shaded","section":"Shading Mode"},"sceneLighting":false,"audioPlay":false,"sceneViewState":{"showFog":true,"showMaterialUpdate":true,"showSkybox":false,"showFlares":true,"showImageEffects":true,"showParticleSystems":true},"in2DMode":false,"pivot":{"x":0.2525310516357422,"y":0.025106430053710939,"z":0.5176767110824585},"rotation":{"x":-0.11092200130224228,"y":-0.6779683232307434,"z":0.1076238602399826,"w":-0.7193465828895569},"size":5.2684221267700199,"orthographic":false}