{"cameraMode":{"drawMode":0,"name":"Shaded","section":"Shading Mode"},"sceneLighting":false,"audioPlay":false,"sceneViewState":{"showFog":true,"showMaterialUpdate":true,"showSkybox":false,"showFlares":true,"showImageEffects":true,"showParticleSystems":true},"in2DMode":false,"pivot":{"x":0.0,"y":1.024999976158142,"z":0.22499999403953553},"rotation":{"x":-0.2543807029724121,"y":0.4992433786392212,"z":-0.15181265771389008,"w":-0.8148453831672669},"size":3.455164909362793,"orthographic":true}