{"cameraMode":{"drawMode":0,"name":"Shaded","section":"Shading Mode"},"sceneLighting":false,"audioPlay":false,"sceneViewState":{"showFog":true,"showMaterialUpdate":true,"showSkybox":false,"showFlares":true,"showImageEffects":true,"showParticleSystems":true},"in2DMode":false,"pivot":{"x":0.23095703125,"y":0.593505859375,"z":0.259765625},"rotation":{"x":-0.16202041506767274,"y":0.35433053970336916,"z":-0.05873073264956474,"w":-0.9196334481239319},"size":4.539117336273193,"orthographic":true}