{"cameraMode":{"drawMode":0,"name":"Shaded","section":"Shading Mode"},"sceneLighting":false,"audioPlay":false,"sceneViewState":{"showFog":true,"showMaterialUpdate":true,"showSkybox":false,"showFlares":true,"showImageEffects":true,"showParticleSystems":true},"in2DMode":false,"pivot":{"x":-2.443809989927104e-7,"y":0.009999912232160569,"z":0.375},"rotation":{"x":-0.2403123378753662,"y":0.7044156789779663,"z":-0.27362650632858279,"w":-0.6098750829696655},"size":4.390925884246826,"orthographic":true}