{"cameraMode":{"drawMode":0,"name":"Shaded","section":"Shading Mode"},"sceneLighting":false,"audioPlay":false,"sceneViewState":{"showFog":true,"showMaterialUpdate":true,"showSkybox":false,"showFlares":true,"showImageEffects":true,"showParticleSystems":true},"in2DMode":false,"pivot":{"x":-1.605120062828064,"y":1.513967752456665,"z":1.042268991470337},"rotation":{"x":-0.23694062232971192,"y":-0.22287985682487489,"z":0.05923835188150406,"w":-0.9442963600158691},"size":4.094040870666504,"orthographic":false}