{"cameraMode":{"drawMode":0,"name":"Shaded","section":"Shading Mode"},"sceneLighting":false,"audioPlay":false,"sceneViewState":{"showFog":true,"showMaterialUpdate":true,"showSkybox":false,"showFlares":true,"showImageEffects":true,"showParticleSystems":true},"in2DMode":false,"pivot":{"x":885.1192626953125,"y":364.2270202636719,"z":2.7591323852539064},"rotation":{"x":-0.01319019217044115,"y":0.005996421445161104,"z":0.000073531802627258,"w":0.9999111890792847},"size":473.3973388671875,"orthographic":false}