{"cameraMode":{"drawMode":0,"name":"Shaded","section":"Shading Mode"},"sceneLighting":false,"audioPlay":false,"sceneViewState":{"showFog":true,"showMaterialUpdate":true,"showSkybox":false,"showFlares":true,"showImageEffects":true,"showParticleSystems":true},"in2DMode":false,"pivot":{"x":12.499999046325684,"y":1.0,"z":-0.0000014901161193847657},"rotation":{"x":-0.24747300148010255,"y":0.43417122960090639,"z":-0.12236940115690232,"w":-0.8579332828521729},"size":43.718746185302737,"orthographic":true}