{"cameraMode":{"drawMode":0,"name":"Shaded","section":"Shading Mode"},"sceneLighting":false,"audioPlay":false,"sceneViewState":{"showFog":true,"showMaterialUpdate":true,"showSkybox":false,"showFlares":true,"showImageEffects":true,"showParticleSystems":true},"in2DMode":false,"pivot":{"x":-0.02399998903274536,"y":2.0209999084472658,"z":0.0},"rotation":{"x":-0.09685459733009339,"y":0.8690536022186279,"z":-0.1882408857345581,"w":-0.4471493065357208},"size":1.4758048057556153,"orthographic":false}