{"cameraMode":{"drawMode":0,"name":"Shaded","section":"Shading Mode"},"sceneLighting":false,"audioPlay":false,"sceneViewState":{"showFog":true,"showMaterialUpdate":true,"showSkybox":false,"showFlares":true,"showImageEffects":true,"showParticleSystems":true},"in2DMode":false,"pivot":{"x":530.5465087890625,"y":750.3237915039063,"z":20.3695068359375},"rotation":{"x":0.004806580487638712,"y":-0.03599556162953377,"z":0.00016809931548777968,"w":0.9993550777435303},"size":611.7666015625,"orthographic":false}