{"cameraMode":{"drawMode":0,"name":"Shaded","section":"Shading Mode"},"sceneLighting":false,"audioPlay":false,"sceneViewState":{"showFog":true,"showMaterialUpdate":true,"showSkybox":false,"showFlares":true,"showImageEffects":true,"showParticleSystems":true},"in2DMode":false,"pivot":{"x":-1.7970426082611085,"y":1.3065372705459595,"z":0.4867910146713257},"rotation":{"x":0.025614647194743158,"y":0.9314804077148438,"z":0.06689335405826569,"w":-0.35668590664863589},"size":2.619042158126831,"orthographic":false}