{"cameraMode":{"drawMode":0,"name":"Shaded","section":"Shading Mode"},"sceneLighting":false,"audioPlay":false,"sceneViewState":{"showFog":true,"showMaterialUpdate":true,"showSkybox":false,"showFlares":true,"showImageEffects":true,"showParticleSystems":true},"in2DMode":false,"pivot":{"x":-0.10799479484558106,"y":-0.37020301818847659,"z":1.477427363395691},"rotation":{"x":0.2543310821056366,"y":0.6147345304489136,"z":-0.21906578540802003,"w":0.713767945766449},"size":6.000058174133301,"orthographic":false}