{"cameraMode":{"drawMode":0,"name":"Shaded","section":"Shading Mode"},"sceneLighting":false,"audioPlay":false,"sceneViewState":{"showFog":true,"showMaterialUpdate":true,"showSkybox":false,"showFlares":true,"showImageEffects":true,"showParticleSystems":true},"in2DMode":false,"pivot":{"x":-0.5673828125,"y":0.12744140625,"z":0.633148193359375},"rotation":{"x":-0.2463536262512207,"y":0.6850985288619995,"z":-0.2624739706516266,"w":-0.6338996291160584},"size":4.062602519989014,"orthographic":true}