{"cameraMode":{"drawMode":0,"name":"Shaded","section":"Shading Mode"},"sceneLighting":false,"audioPlay":false,"sceneViewState":{"showFog":true,"showMaterialUpdate":true,"showSkybox":false,"showFlares":true,"showImageEffects":true,"showParticleSystems":true},"in2DMode":false,"pivot":{"x":0.009765625,"y":-0.09716796875,"z":-0.0006866455078125},"rotation":{"x":-0.2403123378753662,"y":0.7044156789779663,"z":-0.27362650632858279,"w":-0.6098750829696655},"size":1.4201545715332032,"orthographic":true}