{"cameraMode":{"drawMode":0,"name":"Shaded","section":"Shading Mode"},"sceneLighting":false,"audioPlay":false,"sceneViewState":{"showFog":true,"showMaterialUpdate":true,"showSkybox":false,"showFlares":true,"showImageEffects":true,"showParticleSystems":true},"in2DMode":false,"pivot":{"x":474.9000244140625,"y":546.8499755859375,"z":0.0},"rotation":{"x":0.07224760204553604,"y":-0.0000036722653931064998,"z":-0.000005986119958834024,"w":0.9974048137664795},"size":418.5660095214844,"orthographic":false}