{"cameraMode":{"drawMode":0,"name":"Shaded","section":"Shading Mode"},"sceneLighting":false,"audioPlay":false,"sceneViewState":{"showFog":true,"showMaterialUpdate":true,"showSkybox":false,"showFlares":true,"showImageEffects":true,"showParticleSystems":true},"in2DMode":false,"pivot":{"x":-1.2467269897460938,"y":-4.440776348114014,"z":2.8470921516418459},"rotation":{"x":-0.06913173198699951,"y":0.9320472478866577,"z":-0.22201989591121674,"w":-0.27912673354148867},"size":58.320343017578128,"orthographic":true}