{"cameraMode":{"drawMode":0,"name":"Shaded","section":"Shading Mode"},"sceneLighting":false,"audioPlay":false,"sceneViewState":{"showFog":true,"showMaterialUpdate":true,"showSkybox":false,"showFlares":true,"showImageEffects":true,"showParticleSystems":true},"in2DMode":false,"pivot":{"x":-0.04616391658782959,"y":1.0765841007232667,"z":0.35017263889312746},"rotation":{"x":-0.021019935607910157,"y":-0.5799545645713806,"z":0.014971878379583359,"w":-0.8142542839050293},"size":5.59404182434082,"orthographic":false}