{"cameraMode":{"drawMode":0,"name":"Shaded","section":"Shading Mode"},"sceneLighting":false,"audioPlay":false,"sceneViewState":{"showFog":true,"showMaterialUpdate":true,"showSkybox":false,"showFlares":true,"showImageEffects":true,"showParticleSystems":true},"in2DMode":false,"pivot":{"x":0.02508544921875,"y":-0.0113525390625,"z":0.3141632080078125},"rotation":{"x":-0.019537493586540223,"y":0.7545256018638611,"z":-0.017590416595339776,"w":-0.6563358306884766},"size":0.32999998331069949,"orthographic":true}