{"cameraMode":{"drawMode":0,"name":"Shaded","section":"Shading Mode"},"sceneLighting":false,"audioPlay":false,"sceneViewState":{"showFog":true,"showMaterialUpdate":true,"showSkybox":false,"showFlares":true,"showImageEffects":true,"showParticleSystems":true},"in2DMode":false,"pivot":{"x":-5.0,"y":12.80000114440918,"z":-22.23000144958496},"rotation":{"x":0.24969694018363954,"y":-0.4353008568286896,"z":0.12429232895374298,"w":0.8562861680984497},"size":43.718753814697269,"orthographic":true}