{"cameraMode":{"drawMode":0,"name":"Shaded","section":"Shading Mode"},"sceneLighting":false,"audioPlay":false,"sceneViewState":{"showFog":true,"showMaterialUpdate":true,"showSkybox":false,"showFlares":true,"showImageEffects":true,"showParticleSystems":true},"in2DMode":false,"pivot":{"x":-2.4701008796691896,"y":-4.06394624710083,"z":0.06366252899169922},"rotation":{"x":-0.06913173198699951,"y":0.9320472478866577,"z":-0.22201989591121674,"w":-0.27912673354148867},"size":62.79199981689453,"orthographic":true}