{"cameraMode":{"drawMode":0,"name":"Shaded","section":"Shading Mode"},"sceneLighting":false,"audioPlay":false,"sceneViewState":{"showFog":true,"showMaterialUpdate":true,"showSkybox":false,"showFlares":true,"showImageEffects":true,"showParticleSystems":true},"in2DMode":false,"pivot":{"x":-3.686767578125,"y":4.244140625,"z":10.57830810546875},"rotation":{"x":0.37295791506767275,"y":-0.6275447010993958,"z":0.45060601830482485,"w":0.5144094228744507},"size":4.73776912689209,"orthographic":true}