{"cameraMode":{"drawMode":0,"name":"Shaded","section":"Shading Mode"},"sceneLighting":false,"audioPlay":false,"sceneViewState":{"showFog":true,"showMaterialUpdate":true,"showSkybox":false,"showFlares":true,"showImageEffects":true,"showParticleSystems":true},"in2DMode":false,"pivot":{"x":1.7948718070983887,"y":3.583813190460205,"z":-1.3269946575164796},"rotation":{"x":-0.06913173198699951,"y":0.9320472478866577,"z":-0.22201989591121674,"w":-0.27912673354148867},"size":26.17853546142578,"orthographic":true}