{"cameraMode":{"drawMode":0,"name":"Shaded","section":"Shading Mode"},"sceneLighting":false,"audioPlay":false,"sceneViewState":{"showFog":true,"showMaterialUpdate":true,"showSkybox":false,"showFlares":true,"showImageEffects":true,"showParticleSystems":true},"in2DMode":false,"pivot":{"x":2.2630820274353029,"y":0.9157524108886719,"z":0.9294633865356445},"rotation":{"x":-0.3508170545101166,"y":-0.2035917341709137,"z":0.08083150535821915,"w":-0.9110018610954285},"size":10.785886764526368,"orthographic":false}