{"cameraMode":{"drawMode":0,"name":"Shaded","section":"Shading Mode"},"sceneLighting":false,"audioPlay":false,"sceneViewState":{"showFog":true,"showMaterialUpdate":true,"showSkybox":false,"showFlares":true,"showImageEffects":true,"showParticleSystems":true},"in2DMode":false,"pivot":{"x":1273.1673583984375,"y":793.2476196289063,"z":126.666015625},"rotation":{"x":0.03330383077263832,"y":-0.000003376838549229433,"z":-0.000005513237283594208,"w":0.9994614124298096},"size":851.259765625,"orthographic":false}