{"cameraMode":{"drawMode":0,"name":"Shaded","section":"Shading Mode"},"sceneLighting":false,"audioPlay":false,"sceneViewState":{"showFog":true,"showMaterialUpdate":true,"showSkybox":false,"showFlares":true,"showImageEffects":true,"showParticleSystems":true},"in2DMode":false,"pivot":{"x":0.0,"y":1.4901161193847657e-8,"z":0.14999999105930329},"rotation":{"x":-0.10220334678888321,"y":0.7617990970611572,"z":-0.11984241753816605,"w":-0.6289476752281189},"size":1.7609752416610718,"orthographic":true}