{"cameraMode":{"drawMode":0,"name":"Shaded","section":"Shading Mode"},"sceneLighting":false,"audioPlay":false,"sceneViewState":{"showFog":true,"showMaterialUpdate":true,"showSkybox":false,"showFlares":true,"showImageEffects":true,"showParticleSystems":true},"in2DMode":false,"pivot":{"x":1.4262562990188599,"y":2.90342378616333,"z":2.1132898330688478},"rotation":{"x":-0.15585720539093018,"y":-0.032405391335487369,"z":0.007470589131116867,"w":-0.987714409828186},"size":15.164989471435547,"orthographic":false}