{"cameraMode":{"drawMode":0,"name":"Shaded","section":"Shading Mode"},"sceneLighting":false,"audioPlay":false,"sceneViewState":{"showFog":true,"showMaterialUpdate":true,"showSkybox":false,"showFlares":true,"showImageEffects":true,"showParticleSystems":true},"in2DMode":false,"pivot":{"x":2.2321524620056154,"y":1.0292885303497315,"z":0.0948144793510437},"rotation":{"x":-0.03562003746628761,"y":0.8994390964508057,"z":-0.074652761220932,"w":-0.42916545271873476},"size":5.432600021362305,"orthographic":false}