{"cameraMode":{"drawMode":0,"name":"Shaded","section":"Shading Mode"},"sceneLighting":false,"audioPlay":false,"sceneViewState":{"showFog":true,"showMaterialUpdate":true,"showSkybox":false,"showFlares":true,"showImageEffects":true,"showParticleSystems":true},"in2DMode":false,"pivot":{"x":0.0,"y":0.30642056465148928,"z":0.39510321617126467},"rotation":{"x":-0.1374601572751999,"y":0.7125113010406494,"z":-0.1416330486536026,"w":-0.6738733053207398},"size":12.49449634552002,"orthographic":true}