{"cameraMode":{"drawMode":0,"name":"Shaded","section":"Shading Mode"},"sceneLighting":false,"audioPlay":false,"sceneViewState":{"showFog":true,"showMaterialUpdate":true,"showSkybox":false,"showFlares":true,"showImageEffects":true,"showParticleSystems":true},"in2DMode":false,"pivot":{"x":-0.2158203125,"y":0.48046875,"z":0.6362724304199219},"rotation":{"x":-0.1404726356267929,"y":0.7063896656036377,"z":-0.14078103005886079,"w":-0.6800256371498108},"size":6.446680068969727,"orthographic":true}