{"cameraMode":{"drawMode":0,"name":"Shaded","section":"Shading Mode"},"sceneLighting":false,"audioPlay":false,"sceneViewState":{"showFog":true,"showMaterialUpdate":true,"showSkybox":false,"showFlares":true,"showImageEffects":true,"showParticleSystems":true},"in2DMode":false,"pivot":{"x":1146.301025390625,"y":506.8833312988281,"z":7.343505859375},"rotation":{"x":0.01980844885110855,"y":-0.0015030296053737403,"z":0.00002416623101453297,"w":0.9998186230659485},"size":1382.50830078125,"orthographic":false}