{"cameraMode":{"drawMode":0,"name":"Shaded","section":"Shading Mode"},"sceneLighting":false,"audioPlay":false,"sceneViewState":{"showFog":true,"showMaterialUpdate":true,"showSkybox":false,"showFlares":true,"showImageEffects":true,"showParticleSystems":true},"in2DMode":false,"pivot":{"x":0.02532362937927246,"y":-0.2682057321071625,"z":-3.5175082683563234},"rotation":{"x":-0.020101938396692277,"y":0.9527952671051025,"z":-0.06470745801925659,"w":-0.295986533164978},"size":5.1226277351379398,"orthographic":false}