{"cameraMode":{"drawMode":0,"name":"Shaded","section":"Shading Mode"},"sceneLighting":false,"audioPlay":false,"sceneViewState":{"showFog":true,"showMaterialUpdate":true,"showSkybox":false,"showFlares":true,"showImageEffects":true,"showParticleSystems":true},"in2DMode":false,"pivot":{"x":1610.5899658203125,"y":718.9000244140625,"z":0.0},"rotation":{"x":0.0014999432023614646,"y":-0.0006014654645696282,"z":6.034456419001799e-7,"w":1.0000042915344239},"size":94.33981323242188,"orthographic":false}