{"cameraMode":{"drawMode":0,"name":"Shaded","section":"Shading Mode"},"sceneLighting":false,"audioPlay":false,"sceneViewState":{"showFog":true,"showMaterialUpdate":true,"showSkybox":false,"showFlares":true,"showImageEffects":true,"showParticleSystems":true},"in2DMode":false,"pivot":{"x":0.17800617218017579,"y":-4.278722763061523,"z":-2.717517852783203},"rotation":{"x":0.3915760815143585,"y":0.5879863500595093,"z":-0.38972902297973635,"w":0.5908375382423401},"size":42.57622146606445,"orthographic":false}