{"cameraMode":{"drawMode":0,"name":"Shaded","section":"Shading Mode"},"sceneLighting":false,"audioPlay":false,"sceneViewState":{"showFog":true,"showMaterialUpdate":true,"showSkybox":false,"showFlares":true,"showImageEffects":true,"showParticleSystems":true},"in2DMode":false,"pivot":{"x":985.4368286132813,"y":654.530029296875,"z":25.79638671875},"rotation":{"x":0.005999704357236624,"y":-0.008999641984701157,"z":0.000054038671805756167,"w":0.9999463558197022},"size":1054.4180908203125,"orthographic":false}