{"cameraMode":{"drawMode":0,"name":"Shaded","section":"Shading Mode"},"sceneLighting":false,"audioPlay":false,"sceneViewState":{"showFog":true,"showMaterialUpdate":true,"showSkybox":false,"showFlares":true,"showImageEffects":true,"showParticleSystems":true},"in2DMode":false,"pivot":{"x":0.46732473373413088,"y":-0.24844574928283692,"z":0.06023526191711426},"rotation":{"x":-0.18204207718372346,"y":-0.7371113300323486,"z":0.22454485297203065,"w":-0.6116610169410706},"size":4.812539577484131,"orthographic":false}