{"cameraMode":{"drawMode":0,"name":"Shaded","section":"Shading Mode"},"sceneLighting":true,"audioPlay":false,"sceneViewState":{"m_AlwaysRefresh":false,"showFog":true,"showSkybox":true,"showFlares":true,"showImageEffects":true,"showParticleSystems":true,"showVisualEffectGraphs":true,"m_FxEnabled":true},"in2DMode":false,"pivot":{"x":616.0682373046875,"y":365.70025634765627,"z":206.9146270751953},"rotation":{"x":0.026687217876315118,"y":0.0020960948895663025,"z":0.000056350374507019296,"w":-0.9996424913406372},"size":116.81282806396485,"orthographic":false}