{"cameraMode":{"drawMode":0,"name":"Shaded","section":"Shading Mode"},"sceneLighting":true,"audioPlay":false,"sceneViewState":{"m_AlwaysRefresh":false,"showFog":true,"showSkybox":true,"showFlares":true,"showImageEffects":true,"showParticleSystems":true,"showVisualEffectGraphs":true,"m_FxEnabled":true},"in2DMode":false,"pivot":{"x":-15.895124435424805,"y":-34.40779113769531,"z":86.10057067871094},"rotation":{"x":-0.1600269228219986,"y":0.033156998455524448,"z":-0.005378182511776686,"w":-0.9865394234657288},"size":57.13471221923828,"orthographic":false}