{"cameraMode":{"drawMode":0,"name":"Shaded","section":"Shading Mode"},"sceneLighting":true,"audioPlay":false,"sceneViewState":{"m_AlwaysRefresh":false,"showFog":true,"showSkybox":true,"showFlares":true,"showImageEffects":true,"showParticleSystems":true,"showVisualEffectGraphs":true,"m_FxEnabled":true},"in2DMode":false,"pivot":{"x":639.2256469726563,"y":384.89361572265627,"z":105.33358764648438},"rotation":{"x":0.01918862946331501,"y":0.0020968089811503889,"z":0.000044992058974457905,"w":-0.9998264908790588},"size":85.2676773071289,"orthographic":false}