{"cameraMode":{"drawMode":0,"name":"Shaded","section":"Shading Mode"},"sceneLighting":false,"audioPlay":false,"sceneViewState":{"m_AlwaysRefresh":false,"showFog":true,"showSkybox":false,"showFlares":true,"showImageEffects":true,"showParticleSystems":true,"showVisualEffectGraphs":true,"m_FxEnabled":true},"in2DMode":false,"pivot":{"x":4.704774379730225,"y":0.98458331823349,"z":0.04765200614929199},"rotation":{"x":-0.031776245683431628,"y":0.042563267052173617,"z":-0.0013505356619134546,"w":-0.998598039150238},"size":1.0862780809402466,"orthographic":false}