{"cameraMode":{"drawMode":0,"name":"Shaded","section":"Shading Mode"},"sceneLighting":true,"audioPlay":false,"sceneViewState":{"m_AlwaysRefresh":false,"showFog":true,"showSkybox":false,"showFlares":true,"showImageEffects":true,"showParticleSystems":true,"showVisualEffectGraphs":true,"m_FxEnabled":true},"in2DMode":false,"pivot":{"x":0.3063889741897583,"y":-0.022320985794067384,"z":-0.31382203102111819},"rotation":{"x":-0.342696875333786,"y":-0.01071219239383936,"z":0.0039083645679056648,"w":-0.93937748670578},"size":1.8504120111465455,"orthographic":false}